,coef,name
0,811.5938811174183,BEL
1,57092.62020454634,BRA
2,398.5508253113585,CHE
3,11089.571582495391,DEU
4,17943.22118074273,FRA
5,4121.072349880841,HUN
6,1012.7752205549655,NLD
7,3173.0059569150653,SEN
8,0.07141805108403787,comp
